tweets,polarity
tuhan orang tua tau gaksih anak kuliah online,[0]
punten akang teteh fpips bikin surat terang kuliah pas online hubungin mana ya terima kasih upi,[0]
sobat bsi daftar kuliah ajar khawatirpmb gelombang buka tanggal desember daftar online aplikasi pmb ubsi unduh google playstore link,[0]
fess malu laku kuliah online me tengah kuliah bab paksa deh bawa handphone toilet ceroboh lupa mati mikrofon aplikasi zoom dosen teman dengar suara edenan amp kentut,[0]
terima mahasiswa pmb ubsi kuliah maret sobat bsi daftar online aplikasi pmb ubsi unduh google playstore pilih layan offline kampus dekat,[0]
wkwk love hate relationship banget kuliah online jujur,[0]
sakit windows nih coba shutdown tunggu menit nyala restart stabil kuliah online saran pakai kabel lan ya rumah pasang wifi pakai sambung hotspot via usb wifi nya smartphone,[0]
bisnis sekolah kuliah ngantor online shop produk pin fda wa,[0]
ria ricis jalan wisuda online pandemi covid,[0]
singkat gue kuliah offline uji online,[0]
online kuliah maksud,[0]
akibat kuliah online kepala ku zoom,[0]
hati dalam kuliah online,[0]
