tweets,manual
tuhan orang tua tau gaksih anak kuliah online,Netral
punten akang teteh fpips bikin surat terang kuliah pas online hubungin mana ya terima kasih upi,Netral
sobat bsi daftar kuliah ajar khawatirpmb gelombang buka tanggal desember daftar online aplikasi pmb ubsi unduh google playstore link,Netral
fess malu laku kuliah online me tengah kuliah bab paksa deh bawa handphone toilet ceroboh lupa mati mikrofon aplikasi zoom dosen teman dengar suara edenan amp kentut,Negatif
terima mahasiswa pmb ubsi kuliah maret sobat bsi daftar online aplikasi pmb ubsi unduh google playstore pilih layan offline kampus dekat,Netral
wkwk love hate relationship banget kuliah online jujur,Netral
sakit windows nih coba shutdown tunggu menit nyala restart stabil kuliah online saran pakai kabel lan ya rumah pasang wifi pakai sambung hotspot via usb wifi nya smartphone,Negatif
bisnis sekolah kuliah ngantor online shop produk pin fda wa,Netral
ria ricis jalan wisuda online pandemi covid,Netral
singkat gue kuliah offline uji online,Netral
online kuliah maksud,Netral
akibat kuliah online kepala ku zoom,Negatif
hati dalam kuliah online,Netral
